,set,all edges,converged I,converged II
0,jnk1,0.7512903225806451,0.746612903225807,0.766666666666667
1,thrombin,1.0862500000000002,1.0655208333333335,1.0055555555555555
2,p38,1.0798214285714285,1.0373717948717949,0.9432638888888892
3,ptp1b,1.0826530612244898,0.8686991869918703,0.6391954022988513
4,cdk2,0.9027999999999997,0.899666666666667,0.8803030303030307
5,mcl1,1.2885915492957745,1.367598039215686,1.25774011299435
6,bace,0.8064912280701757,0.786551724137931,0.7730246913580247
7,tyk2,0.8337499999999999,0.8333333333333336,0.8333333333333336
8,all,1.0158966565349552,0.9868624338624339,0.9153499406880184
