,set,all edges,converged I,converged II
0,jnk1,0.9558790358527566,0.9551680186475432,0.9714544927157552
1,thrombin,1.3078149716225151,1.2780248025110208,1.2456017860953033
2,p38,1.331652803215496,1.207014404741257,1.1180315901283033
3,ptp1b,1.624427528675369,1.141856080364589,0.8202140041409585
4,cdk2,1.0589346847972574,1.0593918590923341,1.0430376605509326
5,mcl1,1.5420499434742747,1.623037733012442,1.5409966662429149
6,bace,1.04189333874601,1.023329723925314,1.0152505268501888
7,tyk2,1.066244170176223,1.0656683129853903,1.0656683129853903
8,all,1.3299229390167815,1.2599133617801197,1.1747981435692048
